-- Insert into Manufacturers table
INSERT INTO Manufacturers (ManufacturerID, Name, Address, ContactPerson, PhoneNumber)
VALUES(1, 'Sony', '123 Main St', 'John Doe', '555-1234')
INSERT INTO Manufacturers (ManufacturerID, Name, Address, ContactPerson, PhoneNumber)
VALUES(2, 'Apple', '456 Oak St', 'Jane Smith', '555-5678')
INSERT INTO Manufacturers (ManufacturerID, Name, Address, ContactPerson, PhoneNumber)
VALUES(3, 'Samsung', '789 Maple St', 'Bob Johnson', '555-9101')
INSERT INTO Manufacturers (ManufacturerID, Name, Address, ContactPerson, PhoneNumber)
VALUES(4, 'HP', '101 Pine St', 'Alice Brown', '555-1111')
INSERT INTO Manufacturers (ManufacturerID, Name, Address, ContactPerson, PhoneNumber)
VALUES(5, 'Dell', '202 Cedar St', 'Charlie White', '555-2222')

-- Insert into Customers table
INSERT INTO Customers (CustomerID, FirstName, LastName, Email, PhoneNumber, BillingAddress, ShippingAddress, DateOfBirth, CardInformation, ContractAccountNumber)
VALUES(1, 'John', 'Doe', 'john.doe@email.com', '555-1234', '456 Birch St', '456 Birch St', TO_DATE('1990-01-15', 'YYYY-MM-DD'), '1111222233334444', 'C12345')
INSERT INTO Customers (CustomerID, FirstName, LastName, Email, PhoneNumber, BillingAddress, ShippingAddress, DateOfBirth, CardInformation, ContractAccountNumber)
VALUES(2, 'Jane', 'Smith', 'jane.smith@email.com', '555-5678', '789 Pine St', '789 Pine St', TO_DATE('1985-05-20', 'YYYY-MM-DD'), '5555666677778888', 'C67890')
INSERT INTO Customers (CustomerID, FirstName, LastName, Email, PhoneNumber, BillingAddress, ShippingAddress, DateOfBirth, CardInformation, ContractAccountNumber)
VALUES(3, 'Bob', 'Johnson', 'bob.johnson@email.com', '555-9101', '101 Cedar St', '101 Cedar St', TO_DATE('1988-11-30', 'YYYY-MM-DD'), '9999888877776666', 'C13579')
INSERT INTO Customers (CustomerID, FirstName, LastName, Email, PhoneNumber, BillingAddress, ShippingAddress, DateOfBirth, CardInformation, ContractAccountNumber)
VALUES(4, 'Alice', 'Brown', 'alice.brown@email.com', '555-1111', '202 Oak St', '202 Oak St', TO_DATE('1982-07-10', 'YYYY-MM-DD'), '1234123412341234', 'C24680')
INSERT INTO Customers (CustomerID, FirstName, LastName, Email, PhoneNumber, BillingAddress, ShippingAddress, DateOfBirth, CardInformation, ContractAccountNumber)
VALUES(5, 'Charlie', 'White', 'charlie.white@email.com', '555-2222', '303 Maple St', '303 Maple St', TO_DATE('1995-03-25', 'YYYY-MM-DD'), '9876987698769876', 'C98765')

-- Insert into Products table
INSERT INTO Products (ProductID, Name, Category, ManufacturerID, Price, StockQuantity, Megapixels, StorageCapacity, PackageID)
VALUES(1, 'Sony Camera', 'Camera', 1, 499.99, 10, 20, NULL, NULL)
INSERT INTO Products (ProductID, Name, Category, ManufacturerID, Price, StockQuantity, Megapixels, StorageCapacity, PackageID)
VALUES(2, 'iPhone 13', 'Phone', 2, 899.99, 20, NULL, 256, NULL)
INSERT INTO Products (ProductID, Name, Category, ManufacturerID, Price, StockQuantity, Megapixels, StorageCapacity, PackageID)
VALUES(3, 'Samsung TV', 'TV', 3, 1299.99, 5, NULL, NULL, NULL)
INSERT INTO Products (ProductID, Name, Category, ManufacturerID, Price, StockQuantity, Megapixels, StorageCapacity, PackageID)
VALUES(4, 'HP Laptop', 'Laptop', 4, 699.99, 15, NULL, NULL, NULL)
INSERT INTO Products (ProductID, Name, Category, ManufacturerID, Price, StockQuantity, Megapixels, StorageCapacity, PackageID)
VALUES(5, 'Dell Desktop', 'Desktop', 5, 799.99, 12, NULL, NULL, NULL)

-- Insert into Orders table
INSERT INTO Orders (OrderID, CustomerID, OrderDate, ShipperID, OrderStatus, DeliveryDate, PromisedDeliveryTime, TrackingNumber)
VALUES(1, 1, TO_DATE('2023-01-15', 'YYYY-MM-DD'), 1, 'shipped', TO_DATE('2023-01-20', 'YYYY-MM-DD'), TO_TIMESTAMP('2023-01-18 12:00:00', 'YYYY-MM-DD HH24:MI:SS'), '123456')
INSERT INTO Orders (OrderID, CustomerID, OrderDate, ShipperID, OrderStatus, DeliveryDate, PromisedDeliveryTime, TrackingNumber)
VALUES(2, 2, TO_DATE('2023-02-10', 'YYYY-MM-DD'), 2, 'delivered', TO_DATE('2023-02-15', 'YYYY-MM-DD'), TO_TIMESTAMP('2023-02-13 14:00:00', 'YYYY-MM-DD HH24:MI:SS'), '789012')
INSERT INTO Orders (OrderID, CustomerID, OrderDate, ShipperID, OrderStatus, DeliveryDate, PromisedDeliveryTime, TrackingNumber)
VALUES(3, 3, TO_DATE('2023-03-05', 'YYYY-MM-DD'), 3, 'processing', NULL, NULL, NULL)
INSERT INTO Orders (OrderID, CustomerID, OrderDate, ShipperID, OrderStatus, DeliveryDate, PromisedDeliveryTime, TrackingNumber)
VALUES(4, 4, TO_DATE('2023-04-20', 'YYYY-MM-DD'), 4, 'processing', NULL, NULL, NULL)
INSERT INTO Orders (OrderID, CustomerID, OrderDate, ShipperID, OrderStatus, DeliveryDate, PromisedDeliveryTime, TrackingNumber)
VALUES(5, 5, TO_DATE('2023-05-12', 'YYYY-MM-DD'), 5, 'shipped', TO_DATE('2023-05-18', 'YYYY-MM-DD'), TO_TIMESTAMP('2023-05-16 10:30:00', 'YYYY-MM-DD HH24:MI:SS'), '345678')

-- Insert into OrderDetails table
INSERT INTO OrderDetails (OrderID, ProductID, Quantity, Price, DiscountApplied, TaxAmount, TotalAmount)
VALUES(1, 1, 1, 499.99, 0.00, 74.99, 574.98)
INSERT INTO OrderDetails (OrderID, ProductID, Quantity, Price, DiscountApplied, TaxAmount, TotalAmount)
VALUES(2, 2, 2, 899.99, 50.00, 134.99, 1859.95)
INSERT INTO OrderDetails (OrderID, ProductID, Quantity, Price, DiscountApplied, TaxAmount, TotalAmount)
VALUES(3, 3, 1, 1299.99, 100.00, 194.99, 1394.98)
INSERT INTO OrderDetails (OrderID, ProductID, Quantity, Price, DiscountApplied, TaxAmount, TotalAmount)
VALUES(4, 4, 1, 699.99, 0.00, 104.99, 804.98)
INSERT INTO OrderDetails (OrderID, ProductID, Quantity, Price, DiscountApplied, TaxAmount, TotalAmount)
VALUES(5, 5, 3, 799.99, 30.00, 119.99, 2379.93)

-- Insert into Shippers table
INSERT INTO Shippers (ShipperID, Name, Address, ContactPerson, PhoneNumber)
VALUES(1, 'USPS', '123 Shipping St', 'Jim Courier', '555-9876')
INSERT INTO Shippers (ShipperID, Name, Address, ContactPerson, PhoneNumber)
VALUES(2, 'FedEx', '456 Express St', 'Fred Fast', '555-6543')
INSERT INTO Shippers (ShipperID, Name, Address, ContactPerson, PhoneNumber)
VALUES(3, 'DHL', '789 Logistics St', 'Debbie Hauler', '555-3210')
INSERT INTO Shippers (ShipperID, Name, Address, ContactPerson, PhoneNumber)
VALUES(4, 'UPS', '101 Delivery St', 'Ursula Parcel', '555-1111')
INSERT INTO Shippers (ShipperID, Name, Address, ContactPerson, PhoneNumber)
VALUES(5, 'Amazon Logistics', '202 Prime St', 'Andy Amazon', '555-2222')

-- Insert into Stores table
INSERT INTO Stores (StoreID, Name, Location, State, ManagerName, ManagerContact, StoreSize)
VALUES(6, 'Tech World', '789 Tech St, Innovatown', 'WA', 'Eva Expert', '555-7777', 6000)
INSERT INTO Stores (StoreID, Name, Location, State, ManagerName, ManagerContact, StoreSize)
VALUES(7, 'Gizmo Galleria', '456 Gadget St, Techland', 'NY', 'Gary Gadget', '444-6666', 7000)
INSERT INTO Stores (StoreID, Name, Location, State, ManagerName, ManagerContact, StoreSize)
VALUES(8, 'Electro Haven', '123 Circuit St, Circuitville', 'CA', 'Chris Circuit', '333-5555', 5500)
INSERT INTO Stores (StoreID, Name, Location, State, ManagerName, ManagerContact, StoreSize)
VALUES(9, 'Digital Dynamics', '567 Silicon St, Techcity', 'TX', 'Sam Silicon', '222-4444', 6500)
INSERT INTO Stores (StoreID, Name, Location, State, ManagerName, ManagerContact, StoreSize)
VALUES(10, 'Smart Solutions', '234 Byte St, Digitown', 'FL', 'Donna Digital', '111-3333', 5000)

-- Insert into OnlineCustomers table
INSERT INTO OnlineCustomers (CustomerID, Username, Password, LastLoginDate, ShoppingCartID)
VALUES(1, 'john_doe', 'password123', TO_TIMESTAMP('2023-01-15 08:30:00', 'YYYY-MM-DD HH24:MI:SS'), 101)
INSERT INTO OnlineCustomers (CustomerID, Username, Password, LastLoginDate, ShoppingCartID)
VALUES(2, 'jane_smith', 'securepass', TO_TIMESTAMP('2023-02-28 12:45:00', 'YYYY-MM-DD HH24:MI:SS'), 102)
INSERT INTO OnlineCustomers (CustomerID, Username, Password, LastLoginDate, ShoppingCartID)
VALUES(3, 'bob_johnson', 'userpass', TO_TIMESTAMP('2023-04-10 17:20:00', 'YYYY-MM-DD HH24:MI:SS'), 103)
INSERT INTO OnlineCustomers (CustomerID, Username, Password, LastLoginDate, ShoppingCartID)
VALUES(4, 'alice_brown', 'mypassword', TO_TIMESTAMP('2023-05-20 10:10:00', 'YYYY-MM-DD HH24:MI:SS'), 104)
INSERT INTO OnlineCustomers (CustomerID, Username, Password, LastLoginDate, ShoppingCartID)
VALUES(5, 'charlie_white', 'digital123', TO_TIMESTAMP('2023-06-30 14:00:00', 'YYYY-MM-DD HH24:MI:SS'), 105)

-- Insert into Inventory table
INSERT INTO Inventory (ProductID, StoreID, Quantity, ReorderStatus, ReorderDate, ReorderQuantity)
VALUES(1, 6, 8, 'Medium', TO_DATE('2023-06-20', 'YYYY-MM-DD'), 12)
INSERT INTO Inventory (ProductID, StoreID, Quantity, ReorderStatus, ReorderDate, ReorderQuantity)
VALUES(2, 7, 12, 'Low', TO_DATE('2023-06-25', 'YYYY-MM-DD'), 18)
INSERT INTO Inventory (ProductID, StoreID, Quantity, ReorderStatus, ReorderDate, ReorderQuantity)
VALUES(3, 8, 5, 'High', TO_DATE('2023-06-30', 'YYYY-MM-DD'), 10)
INSERT INTO Inventory (ProductID, StoreID, Quantity, ReorderStatus, ReorderDate, ReorderQuantity)
VALUES(4, 9, 15, 'Medium', TO_DATE('2023-07-05', 'YYYY-MM-DD'), 25)
INSERT INTO Inventory (ProductID, StoreID, Quantity, ReorderStatus, ReorderDate, ReorderQuantity)
VALUES(5, 10, 10, 'Low', TO_DATE('2023-07-10', 'YYYY-MM-DD'), 15)
